Country,Capital City,Regulatory Authority,MiCA Implementation Date,Active EUR Stablecoins,Licensed Issuers,Notable Initiatives,Regulatory Stance,Key Challenge,Projected EUR Stablecoin Adoption (%),Source
Germany,Berlin,BaFin & Bundesbank,Dec 31 2025,EURAU (AllUnity); EUR access via exchanges,53,Largest national CASP cohort in the ESMA register; BaFin EMI licence for AllUnity July 2025,Advanced implementation with strong incumbent base,Distinguishing market size from regulatory attractiveness,20-25,ESMA Interim MiCA Register cohort at 2026-04-30
Netherlands,Amsterdam,DNB (Dutch Central Bank),July 1 2025,EURQ (Quantoz); Qivalis consortium entity planned,26,Nine-bank/Qivalis consortium headquarters; strong CASP count,Advanced implementation and institutional hub,Managing rapid innovation and passporting spillovers,30-35,ESMA Interim MiCA Register cohort at 2026-04-30
France,Paris,AMF (Autorite des Marches Financiers),Dec 30 2024,EURCV (Societe Generale-FORGE); EURC (Circle Mint Europe),16,Two largest EUR stablecoins authorised here; AMF concerns over passporting quality,Pro-innovation with sovereignty safeguards,Supervisory reach over foreign-owned authorised issuers,25-30,ESMA Interim MiCA Register cohort at 2026-04-30
Malta,Valletta,MFSA,Dec 30 2024,EURR (StablR),13,Early-mover hub; subject of ESMA fast-track peer review July 2025,Hub strategy under supervisory scrutiny,Authorisation assessment quality raised by ESMA peer review,15-20,ESMA Interim MiCA Register cohort at 2026-04-30
Cyprus,Nicosia,CySEC,Dec 30 2024,None issued domestically,12,Substantial CASP cohort omitted from earlier secondary summaries,Active authorisation pipeline,Supervisory capacity relative to cohort size,10-15,ESMA Interim MiCA Register cohort at 2026-04-30
Ireland,Dublin,Central Bank of Ireland,Dec 30 2024,None issued domestically,12,Substantial CASP cohort omitted from earlier secondary summaries,Cautious authorisation approach,Balancing cohort growth with supervisory depth,10-15,ESMA Interim MiCA Register cohort at 2026-04-30
Austria,Vienna,FMA,Dec 31 2025,None issued domestically,9,Integrated forthcoming MiCA provisions early,Early alignment with MiCA,Small domestic market relative to institutional readiness,15-20,ESMA Interim MiCA Register cohort at 2026-04-30
Spain,Madrid,CNMV & Banco de Espana,Dec 30 2024,None issued domestically,7,Growing CASP cohort,Cautious but receptive,Consumer protection coordination,15-20,ESMA Interim MiCA Register cohort at 2026-04-30
Other 15 countries,Mixed,Mixed NCAs,Mixed,Mixed,51,Remaining EU/EEA jurisdictions with authorised CASPs,Mixed,Uneven administrative capacity across smaller NCAs,5-15,ESMA Interim MiCA Register cohort at 2026-04-30
EU/EEA Aggregate,,ESMA coordination,April 2026,199 total CASPs; 22 EMT issuers; 0 ART issuers,199,138 of 199 CASPs (69.3 pct) notified services beyond home state,Formally harmonised,Passporting share declining as cohort grows,Mixed,ESMA Interim MiCA Register cohort at 2026-04-30
