Stablecoin Name,Issuer,Country,Peg Currency,Market Cap (USD millions),Market Cap (EUR millions),Launch Date,Blockchains,MiCA Compliant,Ultimate Parent Location,Verification Note,Status as of Apr 2026
EURC,Circle Mint Europe SAS,France,EUR,435.53,372.25,2022,"Ethereum, Polygon, Arbitrum",Yes,United States,"CORRECTED 2026-08-13: jurisdiction was USA. MiCA issuer is Circle Internet Financial Europe SAS, RCS Paris 953 990 934, ACPR EMI reg. 17788, licensed 2024-07-01. US parent.",Active - Market leader; CMC EUR stablecoin category
EURCV,Société Générale-FORGE,France,EUR,117.40,100.34,2023,"Ethereum, Polygon, XRP Ledger, Stellar, Solana",Yes,France,Verified 2026-08-13: issuer disclosures consistent.,Active - Bank-issued; CMC EUR stablecoin category
EURI,Banking Circle S.A.,Luxembourg,EUR,59.64,50.97,2024,"Ethereum, BNB Smart Chain",Yes,Luxembourg,"CORRECTED 2026-08-13: was Greece / 2021. Issued by Banking Circle S.A., a Luxembourg-licensed credit institution; launched 2024-08-26.",Active; CMC EUR stablecoin category
AEUR,Anchored Coins AG,Switzerland,EUR,34.62,29.59,2023,"Ethereum, Polygon",No (third-country issuer),Switzerland,"CORRECTED 2026-08-13: was Luxembourg / 2021 / MiCA Yes. Anchored Coins AG is Zug-based; under MiCAR a third-country issuer cannot issue EUR EMTs in the Union and the issuer has announced withdrawal from the stablecoin business.",Active in snapshot but outside MiCA perimeter; issuer withdrawing
EURR,StablR,Malta,EUR,13.90,11.88,2024,Ethereum,Yes,Malta,"CORRECTED 2026-08-13: was coded 'EU' without a member state.",Active; CMC EUR stablecoin category
EURQ,Quantoz Payments B.V.,Netherlands,EUR,3.92,3.35,2024,Ethereum,Yes,Netherlands,Verified 2026-08-13.,Active; CMC EUR stablecoin category
CEUR,Celo / Mento,Non-EU (not MiCA-authorised),EUR,3.82,3.26,2021,"Celo, Ethereum",No (not a fiat-backed EMT),United States,"CORRECTED 2026-08-13: was USA / MiCA Yes. cEUR is crypto-collateralised, not a fiat-backed e-money token, and is not MiCA-authorised. Retained only for continuity with the CMC category.",Active in CMC category; outside the EMT regime
VEUR,VNX,Luxembourg,EUR,3.24,2.76,2023,Ethereum,Yes,Luxembourg,Verified 2026-08-13.,Active; CMC EUR stablecoin category
EURt,Tether,Non-EU (discontinued),EUR,2.21,1.89,2016,Ethereum,No (Not MiCA-authorized),El Salvador / BVI,"CORRECTED 2026-08-13: was USA / 2023. Launched 2016; minting ceased 2022; withdrawal announced 2024-11-27; redemption window closed 2025-11-25, before this snapshot. Residual balance is unredeemed float, not active issuance.",Discontinued; residual float only
EURAU,AllUnity,Germany,EUR,1.25,1.06,2025,Ethereum,Yes,Germany,"CORRECTED 2026-08-13: was 2026. BaFin EMI licence 2025-07-01; launched 2025-07-29.",Active; CMC EUR stablecoin category
Nine-Bank Consortium,Qivalis (BNP Paribas/ING/UniCredit/CaixaBank/KBC/DekaBank/SEB/Raiffeisen/Banca Sella/Danske Bank),Netherlands (Consortium),EUR,0,0,H2 2026 (Planned),TBD,Yes (Planned),Netherlands,"Pre-launch. Excluded from all current-market calculations. Qivalis press release 2025-12-02; DNB EMI authorisation in progress.",Pre-launch - Qivalis announced Dec 2025
Total EUR Stablecoins (CMC category),,,EUR,675.53,577.35,,,Mixed,,Sum of the ten active rows above.,CoinMarketCap EUR stablecoin category total accessed Apr 2026
USDT,Tether,Non-EU,USD,185463.61,158515.91,2014,Multi-chain,No (Non-compliant in EU),El Salvador / BVI,,Dominant global USD stablecoin
USDC,Circle,United States,USD,78494.50,67107.27,2018,Multi-chain,Yes (via Circle Mint Europe SAS),United States,,Secondary global USD stablecoin
Other Stablecoins,Multiple,Global,Mixed,56589.15,48377.05,2018+,Multi-chain,Mixed,,,Residual stablecoin market excluding USDT USDC and EUR category total
Total Stablecoin Market,,,Mixed,321222.79,274577.60,,,Mixed,,CoinMarketCap all-stablecoin category total accessed 2026-04-29.,CoinMarketCap all-stablecoin category total accessed Apr 2026
